filename,predict_pose_x,gt_pose_x,predict_pose_q,gt_pose_q,ang_error,x_error
"('../data/deepslam_data/Cambridge/ShopFacade/train/rgb/seq2_frame00001.png',)","[8.544478416442871, 0.4491688907146454, 9.476279258728027]","[8.400781631469727, 0.4041595458984375, 9.096068382263184]","[0.9749575257301331, -0.011994220316410065, 0.22206757962703705, 0.00022325968893710524]","[0.9730935096740723, -0.010652252472937107, 0.23010016977787018, -0.005433808080852032]",1.1548599,0.40894365
"('../data/deepslam_data/Cambridge/ShopFacade/train/rgb/seq2_frame00003.png',)","[8.493196487426758, 0.43824082612991333, 9.349321365356445]","[8.342438697814941, 0.3780449330806732, 8.95553207397461]","[0.9739519953727722, -0.009560254402458668, 0.2265491485595703, -0.0013061342760920525]","[0.9741275906562805, -0.010164111852645874, 0.22568558156490326, -0.0061868964694440365]",0.56923723,0.42593598
"('../data/deepslam_data/Cambridge/ShopFacade/train/rgb/seq2_frame00005.png',)","[8.702444076538086, 0.36356499791145325, 8.694948196411133]","[8.62282657623291, 0.3276137113571167, 8.362598419189453]","[0.9663354158401489, -0.0355764701962471, 0.25439560413360596, -0.014593458734452724]","[0.9631564617156982, -0.03954949975013733, 0.2654154896736145, -0.017891643568873405]",1.4418151,0.34363908
"('../data/deepslam_data/Cambridge/ShopFacade/train/rgb/seq2_frame00007.png',)","[9.16359806060791, 0.3537287414073944, 7.597628593444824]","[9.114511489868164, 0.30789852142333984, 7.203962326049805]","[0.9675657749176025, -0.01844652183353901, 0.251827597618103, -0.00769094517454505]","[0.9667720198631287, -0.01797115057706833, 0.25469106435775757, -0.012701318599283695]",0.6691004,0.39935327
"('../data/deepslam_data/Cambridge/ShopFacade/train/rgb/seq2_frame00009.png',)","[9.605890274047852, 0.34019944071769714, 6.248355388641357]","[9.67551040649414, 0.2690385580062866, 5.955254554748535]","[0.9695383906364441, -0.04819934070110321, 0.23907269537448883, -0.022725950926542282]","[0.9664178490638733, -0.05277879908680916, 0.25059258937835693, -0.02131376974284649]",1.4729645,0.30954632
"('../data/deepslam_data/Cambridge/ShopFacade/train/rgb/seq2_frame00011.png',)","[10.179580688476562, 0.29952362179756165, 4.962609767913818]","[10.212778091430664, 0.24091674387454987, 4.800795555114746]","[0.9528787136077881, -0.05337950214743614, 0.296438992023468, -0.036009903997182846]","[0.9526703357696533, -0.05477651208639145, 0.2963064908981323, -0.04026614874601364]",0.5128173,0.17527314
"('../data/deepslam_data/Cambridge/ShopFacade/train/rgb/seq2_frame00013.png',)","[10.80530071258545, 0.1541169136762619, 3.691166877746582]","[10.772848129272461, 0.12873707711696625, 3.4337689876556396]","[0.9474304914474487, -0.045867085456848145, 0.31459879875183105, -0.03604569658637047]","[0.9466848373413086, -0.04818125069141388, 0.3167043626308441, -0.03412991762161255]",0.4261249,0.2606741
"('../data/deepslam_data/Cambridge/ShopFacade/train/rgb/seq2_frame00015.png',)","[11.265788078308105, 0.06479628384113312, 1.9905272722244263]","[11.126026153564453, 0.04330361261963844, 1.8341267108917236]","[0.9319738745689392, -0.05854952335357666, 0.3576000928878784, -0.010901685804128647]","[0.9287528991699219, -0.061017125844955444, 0.365344762802124, -0.014771869406104088]",1.0950241,0.21084702
"('../data/deepslam_data/Cambridge/ShopFacade/train/rgb/seq2_frame00017.png',)","[11.801060676574707, 0.0026084966957569122, 0.5940611362457275]","[11.77663516998291, -0.006215795408934355, 0.4379514753818512]","[0.9096014499664307, -0.042843978852033615, 0.41247639060020447, -0.025551186874508858]","[0.9093653559684753, -0.041768260300159454, 0.41295263171195984, -0.027932606637477875]",0.30390215,0.15825517
"('../data/deepslam_data/Cambridge/ShopFacade/train/rgb/seq2_frame00019.png',)","[12.39681625366211, -0.03986966237425804, -0.9182053804397583]","[12.2943115234375, -0.04062359780073166, -0.9843284487724304]","[0.889041543006897, -0.045286595821380615, 0.4551137685775757, -0.020637797191739082]","[0.8864906430244446, -0.04638991877436638, 0.45923447608947754, -0.03295464441180229]",1.5210661,0.121983804
"('../data/deepslam_data/Cambridge/ShopFacade/train/rgb/seq2_frame00021.png',)","[12.867576599121094, -0.11443029344081879, -2.389892101287842]","[12.760017395019531, -0.08575237542390823, -2.469966173171997]","[0.8553431034088135, -0.046574801206588745, 0.5157743096351624, -0.013992113061249256]","[0.8489702939987183, -0.047668229788541794, 0.5257166624069214, -0.024477094411849976]",1.8139635,0.13712499
"('../data/deepslam_data/Cambridge/ShopFacade/train/rgb/seq2_frame00023.png',)","[13.356317520141602, -0.08778519928455353, -3.8516178131103516]","[13.2066068649292, -0.13245640695095062, -3.888432025909424]","[0.8284900784492493, -0.05064547434449196, 0.5571643114089966, -0.02464192546904087]","[0.82196444272995, -0.05313501134514809, 0.5660895109176636, -0.033072393387556076]",1.6187844,0.16051194
"('../data/deepslam_data/Cambridge/ShopFacade/train/rgb/seq2_frame00025.png',)","[13.737571716308594, -0.18646152317523956, -5.377169609069824]","[13.702744483947754, -0.21553395688533783, -5.310095310211182]","[0.7234649658203125, -0.05607115477323532, 0.6878636479377747, -0.017266904935240746]","[0.7197303771972656, -0.06373406201601028, 0.6905756592750549, -0.0321158692240715]",1.986156,0.08097595
"('../data/deepslam_data/Cambridge/ShopFacade/train/rgb/seq2_frame00027.png',)","[13.65645980834961, -0.2720998227596283, -6.59735107421875]","[13.778782844543457, -0.2797762453556061, -6.718470096588135]","[0.7067516446113586, -0.051195502281188965, 0.7053800225257874, -0.01789463311433792]","[0.6940663456916809, -0.05719274654984474, 0.71701580286026, -0.02982241101562977]",2.4960759,0.1723127
"('../data/deepslam_data/Cambridge/ShopFacade/train/rgb/seq2_frame00029.png',)","[13.54159164428711, -0.3101263642311096, -7.963284015655518]","[13.663031578063965, -0.3151549696922302, -8.119197845458984]","[0.7062112092971802, -0.03239864483475685, 0.7068952322006226, -0.022698529064655304]","[0.6936251521110535, -0.03123951517045498, 0.7188926339149475, -0.0331905297935009]",2.3306653,0.19769186
"('../data/deepslam_data/Cambridge/ShopFacade/train/rgb/seq2_frame00031.png',)","[13.364923477172852, -0.24021707475185394, -9.574346542358398]","[13.32583236694336, -0.3194959759712219, -9.567366600036621]","[0.6451404094696045, -0.05263478308916092, 0.7619323134422302, -0.021970106288790703]","[0.6395341753959656, -0.04955347254872322, 0.7666300535202026, -0.028615957126021385]",1.1856261,0.088667795
"('../data/deepslam_data/Cambridge/ShopFacade/train/rgb/seq2_frame00033.png',)","[12.545701026916504, -0.2997805178165436, -10.744333267211914]","[12.69284439086914, -0.35922521352767944, -10.919511795043945]","[0.5823947191238403, -0.07116854935884476, 0.8097700476646423, -0.0048927669413387775]","[0.5747566223144531, -0.06540698558092117, 0.8155965805053711, -0.01338184718042612]",1.6100577,0.23637335
"('../data/deepslam_data/Cambridge/ShopFacade/train/rgb/seq2_frame00035.png',)","[11.469919204711914, -0.3704167902469635, -11.73957633972168]","[11.82657241821289, -0.4258962571620941, -12.04473876953125]","[0.5674217939376831, -0.07388240844011307, 0.8200570940971375, 0.00896158441901207]","[0.5550642013549805, -0.061854038387537, 0.8294975161552429, 0.00343890069052577]",2.3393807,0.4726559
"('../data/deepslam_data/Cambridge/ShopFacade/train/rgb/seq2_frame00038.png',)","[10.149977684020996, -0.48272210359573364, -12.64616584777832]","[10.391522407531738, -0.48770007491111755, -12.849031448364258]","[0.5522831082344055, -0.06784642487764359, 0.8306798338890076, 0.01874142698943615]","[0.5463506579399109, -0.06597103178501129, 0.8347382545471191, 0.018995029851794243]",0.8513324,0.3154728
"('../data/deepslam_data/Cambridge/ShopFacade/train/rgb/seq2_frame00040.png',)","[10.009675979614258, -0.4336917996406555, -11.985712051391602]","[9.93267822265625, -0.4197857975959778, -12.009204864501953]","[0.5898460745811462, -0.03293909877538681, 0.8068430423736572, -0.0010629831813275814]","[0.5780555605888367, -0.03506636247038841, 0.8152416944503784, -0.0017893104813992977]",1.6776694,0.08169421
"('../data/deepslam_data/Cambridge/ShopFacade/train/rgb/seq2_frame00042.png',)","[9.403806686401367, -0.3188909888267517, -10.389348030090332]","[9.608293533325195, -0.3471044600009918, -10.66763687133789]","[0.5687351226806641, 0.002353542484343052, 0.8223171830177307, 0.018144072964787483]","[0.5569500923156738, 0.009246593341231346, 0.8303946256637573, 0.012881324626505375]",1.9151326,0.34649032
"('../data/deepslam_data/Cambridge/ShopFacade/train/rgb/seq2_frame00045.png',)","[9.262770652770996, -0.29895851016044617, -8.520418167114258]","[9.123770713806152, -0.24717164039611816, -8.572020530700684]","[0.6635774970054626, 0.0158387478441, 0.7465685606002808, -0.04527144506573677]","[0.6552482843399048, 0.014659934677183628, 0.7536460757255554, -0.04952232167124748]",1.3498536,0.15705307
"('../data/deepslam_data/Cambridge/ShopFacade/train/rgb/seq2_frame00047.png',)","[8.700550079345703, -0.2611052989959717, -7.068271160125732]","[8.770525932312012, -0.22053159773349762, -7.084824562072754]","[0.7049501538276672, 0.031017856672406197, 0.7081409692764282, -0.024893516674637794]","[0.7032057046890259, 0.021793808788061142, 0.7100803256034851, -0.028508992865681648]",1.1723486,0.08256428
"('../data/deepslam_data/Cambridge/ShopFacade/train/rgb/seq2_frame00049.png',)","[8.221376419067383, -0.12493613362312317, -5.555854320526123]","[8.210172653198242, -0.14864952862262726, -5.614304065704346]","[0.7339931726455688, 0.002004422713071108, 0.678817629814148, -0.021372763440012932]","[0.7385653853416443, 0.003444147761911154, 0.6737647652626038, -0.02346133254468441]",0.8308601,0.064064205
"('../data/deepslam_data/Cambridge/ShopFacade/train/rgb/seq2_frame00051.png',)","[7.573346138000488, -0.08454488217830658, -4.19793701171875]","[7.483188152313232, -0.0734655112028122, -4.2596306800842285]","[0.8377307653427124, 0.009834385477006435, 0.5459949970245361, -0.00012688731658272445]","[0.8426693677902222, 0.005615636240690947, 0.5383740067481995, -0.005495831370353699]",1.3014385,0.109805845
"('../data/deepslam_data/Cambridge/ShopFacade/train/rgb/seq2_frame00053.png',)","[6.585075855255127, -0.03326280042529106, -2.965243339538574]","[6.554937839508057, -0.03894731029868126, -3.105563163757324]","[0.9460580945014954, 0.009886490181088448, 0.32372066378593445, 0.009017910808324814]","[0.9457107186317444, 0.006514036562293768, 0.32480621337890625, 0.009473065845668316]",0.41116843,0.1436324
"('../data/deepslam_data/Cambridge/ShopFacade/train/rgb/seq2_frame00055.png',)","[5.529598236083984, 0.051105741411447525, -2.015045166015625]","[5.501276016235352, -0.004577890504151583, -2.078702449798584]","[0.9708773493766785, 0.009081716649234295, 0.2382071316242218, 0.02392108179628849]","[0.9731370806694031, 0.007367693353444338, 0.22898109257221222, 0.022750936448574066]",1.11275,0.08919117
"('../data/deepslam_data/Cambridge/ShopFacade/train/rgb/seq2_frame00057.png',)","[4.370108127593994, 0.022815708070993423, -0.9715668559074402]","[4.31591272354126, -0.0016556261107325554, -1.0671603679656982]","[0.9807589054107666, -0.005445890128612518, 0.19245822727680206, 0.032284148037433624]","[0.9779697060585022, 0.0031451061367988586, 0.20723119378089905, 0.024911094456911087]",2.1562161,0.11257934
"('../data/deepslam_data/Cambridge/ShopFacade/train/rgb/seq2_frame00059.png',)","[2.931678295135498, -0.0037906281650066376, -0.13802841305732727]","[2.952697515487671, -0.03013518825173378, -0.20660345256328583]","[0.9877315163612366, 0.02337012253701687, 0.1510172188282013, 0.03215882554650307]","[0.9882997870445251, 0.029829954728484154, 0.14623290300369263, 0.03145836666226387]",0.9261879,0.07640929
"('../data/deepslam_data/Cambridge/ShopFacade/train/rgb/seq2_frame00061.png',)","[1.4886733293533325, -0.032847028225660324, 0.29270991683006287]","[1.4372804164886475, -0.0236892681568861, 0.2122107744216919]","[0.9980395436286926, 0.03169620782136917, 0.05193031206727028, 0.01469007320702076]","[0.998236894607544, 0.038042712956666946, 0.03973368927836418, 0.02229517698287964]",1.8001027,0.09594378
"('../data/deepslam_data/Cambridge/ShopFacade/train/rgb/seq2_frame00063.png',)","[-0.20435874164104462, -0.00226675346493721, 0.4941229522228241]","[-0.1606462001800537, -0.04697342589497566, 0.3415376543998718]","[0.9978013634681702, 0.019541751593351364, -0.03137830272316933, 0.055008865892887115]","[0.9977771639823914, 0.025599531829357147, -0.028221627697348595, 0.05467204004526138]",0.78234243,0.1648992
"('../data/deepslam_data/Cambridge/ShopFacade/train/rgb/seq2_frame00065.png',)","[-1.847169280052185, 0.07596339285373688, 0.6526299118995667]","[-1.767755150794983, 0.006385966669768095, 0.5168988704681396]","[0.9960941672325134, 0.023721938952803612, -0.06969749927520752, 0.04874381422996521]","[0.9959548115730286, 0.02539529651403427, -0.07041539251804352, 0.04970712214708328]",0.23406786,0.17196086
"('../data/deepslam_data/Cambridge/ShopFacade/train/rgb/seq2_frame00067.png',)","[-3.474402904510498, -0.03506947681307793, 0.6892920732498169]","[-3.3499069213867188, -0.03294952213764191, 0.5703303813934326]","[0.9890079498291016, 0.016818510368466377, -0.13370992243289948, 0.06084480136632919]","[0.9877679347991943, 0.014575312845408916, -0.13955487310886383, 0.06801903247833252]",1.0993044,0.1722081
"('../data/deepslam_data/Cambridge/ShopFacade/train/rgb/seq2_frame00069.png',)","[-5.122992515563965, 0.0006457753479480743, 0.6211725473403931]","[-5.033301830291748, -0.04367178678512573, 0.4524402916431427]","[0.9800959825515747, -0.0021982300095260143, -0.18169555068016052, 0.07996087521314621]","[0.979653537273407, 0.0010023609502241015, -0.18518978357315063, 0.07734810560941696]",0.62180847,0.19616075
"('../data/deepslam_data/Cambridge/ShopFacade/train/rgb/seq2_frame00071.png',)","[-6.586692810058594, -0.023641880601644516, 0.36441344022750854]","[-6.4432854652404785, -0.04940225929021835, 0.2512001693248749]","[0.9723317623138428, 0.004966014064848423, -0.22636005282402039, 0.05751002952456474]","[0.9725200533866882, 0.004945653025060892, -0.2261296659708023, 0.05518895760178566]",0.265408,0.18451697
"('../data/deepslam_data/Cambridge/ShopFacade/train/rgb/seq2_frame00073.png',)","[-8.045263290405273, -0.14703769981861115, 0.035568494349718094]","[-7.975467205047607, -0.18835635483264923, -0.1009216383099556]","[0.96625155210495, -0.04400978609919548, -0.251191109418869, 0.03638904169201851]","[0.9641611576080322, -0.041327834129333496, -0.26067060232162476, 0.02713247388601303]",1.567193,0.15877116
"('../data/deepslam_data/Cambridge/ShopFacade/train/rgb/seq2_frame00075.png',)","[-9.481583595275879, -0.22228620946407318, -0.2785132825374603]","[-9.381412506103516, -0.20876505970954895, -0.3721635639667511]","[0.945646345615387, -0.03821737691760063, -0.3163866400718689, 0.06474515050649643]","[0.9450180530548096, -0.03850085660815239, -0.31950536370277405, 0.058093857020139694]",0.84579825,0.13779493
"('../data/deepslam_data/Cambridge/ShopFacade/train/rgb/seq2_frame00077.png',)","[-11.04981803894043, -0.09150637686252594, -0.6641826033592224]","[-10.793858528137207, -0.12808793783187866, -0.7729968428611755]","[0.9359344840049744, -0.044885821640491486, -0.34353479743003845, 0.06321285665035248]","[0.9370274543762207, -0.05514666810631752, -0.3392673134803772, 0.06193606182932854]",1.2875317,0.28052455
"('../data/deepslam_data/Cambridge/ShopFacade/train/rgb/seq2_frame00079.png',)","[-12.197807312011719, -0.13590411841869354, -1.0442720651626587]","[-12.096622467041016, -0.12563084065914154, -1.128149390220642]","[0.8856576085090637, -0.040615327656269073, -0.4585847854614258, 0.06050625815987587]","[0.887183666229248, -0.05087072029709816, -0.4556228816509247, 0.052202560007572174]",1.5591817,0.13183065
"('../data/deepslam_data/Cambridge/ShopFacade/train/rgb/seq2_frame00081.png',)","[-13.539313316345215, -0.03455178067088127, -1.6037468910217285]","[-13.40241813659668, -0.07487796992063522, -1.7748386859893799]","[0.8793230652809143, -0.024222873151302338, -0.46982651948928833, 0.07394061237573624]","[0.8782760500907898, -0.031256306916475296, -0.47155484557151794, 0.07273439317941666]",0.85041255,0.22279787
"('../data/deepslam_data/Cambridge/ShopFacade/train/rgb/seq2_frame00083.png',)","[-14.628629684448242, -0.14460809528827667, -2.530790328979492]","[-14.351541519165039, -0.1344418078660965, -2.6402485370635986]","[0.813366711139679, -0.02205182984471321, -0.5784087777137756, 0.05823777988553047]","[0.8142993450164795, -0.027297327294945717, -0.5778182744979858, 0.04793374985456467]",1.3299929,0.29809782
"('../data/deepslam_data/Cambridge/ShopFacade/train/rgb/seq2_frame00085.png',)","[-15.135481834411621, -0.061659347265958786, -3.336892604827881]","[-14.924076080322266, -0.05416851490736008, -3.4543211460113525]","[0.7950590252876282, 0.0004696846299339086, -0.6060620546340942, 0.02386838011443615]","[0.7938756942749023, -0.007329876068979502, -0.6079988479614258, 0.006719538941979408]",2.174291,0.24194622
"('../data/deepslam_data/Cambridge/ShopFacade/train/rgb/seq2_frame00087.png',)","[-15.104996681213379, -0.08730338513851166, -3.5027122497558594]","[-15.07485580444336, -0.061530813574790955, -3.624697685241699]","[0.8139171600341797, 0.009842324070632458, -0.5808367133140564, 0.008411139249801636]","[0.8125847578048706, 0.0012181791244074702, -0.5828417539596558, -0.0003796604578383267]",1.4374657,0.1282698
"('../data/deepslam_data/Cambridge/ShopFacade/train/rgb/seq2_frame00089.png',)","[-14.40034008026123, -0.012911360710859299, -3.203214168548584]","[-14.524672508239746, -0.013387026265263557, -3.35688853263855]","[0.8249053359031677, -0.002743187826126814, -0.5649362802505493, 0.01925463229417801]","[0.8216480016708374, -0.010454942472279072, -0.5698602795600891, 0.006681469734758139]",1.8199943,0.19767293
"('../data/deepslam_data/Cambridge/ShopFacade/train/rgb/seq2_frame00091.png',)","[-13.456499099731445, -0.02190084382891655, -3.064361095428467]","[-13.519003868103027, -0.043578263372182846, -3.138347625732422]","[0.8341760635375977, -0.0088206697255373, -0.551416277885437, -0.0035454551689326763]","[0.8361183404922485, -0.016151798889040947, -0.5481472015380859, -0.013416559435427189]",1.4745578,0.09925101
"('../data/deepslam_data/Cambridge/ShopFacade/train/rgb/seq2_frame00093.png',)","[-12.35781192779541, -0.012378077954053879, -2.795746326446533]","[-12.298676490783691, -0.019136397168040276, -2.8576180934906006]","[0.8371957540512085, 0.0005141477449797094, -0.5469014048576355, -0.0013680452248081565]","[0.8369831442832947, -0.004736203234642744, -0.547038733959198, -0.013616986572742462]",1.5272285,0.08585331
"('../data/deepslam_data/Cambridge/ShopFacade/train/rgb/seq2_frame00095.png',)","[-11.273512840270996, -0.06744737923145294, -2.4407103061676025]","[-11.131352424621582, -0.04871974140405655, -2.5262062549591064]","[0.8335144519805908, 0.011422774754464626, -0.5523793697357178, -0.00031210097949951887]","[0.8365089297294617, 0.015467556193470955, -0.5475183725357056, -0.015402207151055336]",1.9065307,0.1669427
"('../data/deepslam_data/Cambridge/ShopFacade/train/rgb/seq2_frame00097.png',)","[-10.032914161682129, 0.013520050793886185, -2.251908779144287]","[-9.89685344696045, -0.008357293903827667, -2.249687910079956]","[0.8600338101387024, -0.003206298453733325, -0.5101372003555298, -0.009570769965648651]","[0.8621498942375183, -0.0015920335426926613, -0.5064844489097595, -0.012980269268155098]",0.6477026,0.13782622
"('../data/deepslam_data/Cambridge/ShopFacade/train/rgb/seq2_frame00099.png',)","[-8.848855018615723, 0.008725989609956741, -1.7753145694732666]","[-8.680856704711914, 0.024411210790276527, -1.8394852876663208]","[0.8542277216911316, -0.01773853972554207, -0.5187215209007263, -0.030140172690153122]","[0.857647180557251, -0.025375137105584145, -0.5124385952949524, -0.03469967469573021]",1.3074387,0.18051964
"('../data/deepslam_data/Cambridge/ShopFacade/train/rgb/seq2_frame00101.png',)","[-7.357618808746338, -0.13991305232048035, -1.0716543197631836]","[-7.362572193145752, -0.13268022239208221, -1.1924164295196533]","[0.8360971212387085, -0.021958356723189354, -0.5477786660194397, -0.0199528057128191]","[0.8339679837226868, -0.03139364719390869, -0.5503666996955872, -0.024665294215083122]",1.2673119,0.12107988
"('../data/deepslam_data/Cambridge/ShopFacade/train/rgb/seq2_frame00103.png',)","[-6.2579193115234375, -0.041833292692899704, -0.36221376061439514]","[-6.1634521484375, -0.0721808671951294, -0.4556024968624115]","[0.8877769112586975, -0.02160501293838024, -0.459736704826355, 0.005252496805042028]","[0.8840696215629578, -0.02276872843503952, -0.4667889475822449, 0.0032458247151225805]",0.95037895,0.13625886
"('../data/deepslam_data/Cambridge/ShopFacade/train/rgb/seq2_frame00105.png',)","[-4.852051734924316, -0.08455555140972137, -0.02454468235373497]","[-4.783234596252441, -0.12207745760679245, -0.04541347548365593]","[0.9056757688522339, -0.005805910564959049, -0.42391613125801086, -0.0035798007156699896]","[0.9066371321678162, -0.005503010470420122, -0.4216596186161041, -0.013491400517523289]",1.1703441,0.08111226
"('../data/deepslam_data/Cambridge/ShopFacade/train/rgb/seq2_frame00107.png',)","[-3.4110262393951416, 0.009410742670297623, 0.36815276741981506]","[-3.3532443046569824, -0.021443232893943787, 0.29679083824157715]","[0.9486026763916016, -0.0037426454946398735, -0.3157263994216919, -0.021350236609578133]","[0.950124204158783, -0.006205464713275433, -0.3112531006336212, -0.018629293888807297]",0.6841383,0.09686715
"('../data/deepslam_data/Cambridge/ShopFacade/train/rgb/seq2_frame00109.png',)","[-2.020951986312866, 0.01229843869805336, 0.8110047578811646]","[-1.979250192642212, -0.039231352508068085, 0.7401542067527771]","[0.9816229343414307, 0.0003055190318264067, -0.19057750701904297, -0.009830276481807232]","[0.9797977805137634, -0.002407303312793374, -0.1996314823627472, -0.011741717346012592]",1.1232513,0.097026594
"('../data/deepslam_data/Cambridge/ShopFacade/train/rgb/seq2_frame00111.png',)","[-0.5361429452896118, 0.014592301100492477, 1.1280404329299927]","[-0.5233734250068665, -0.017034055665135384, 1.106518030166626]","[0.9945691823959351, -0.018925078213214874, -0.0997340977191925, -0.022961923852562904]","[0.9941051602363586, -0.02023433893918991, -0.10455361008644104, -0.020350804552435875]",0.64528126,0.040329903
"('../data/deepslam_data/Cambridge/ShopFacade/train/rgb/seq2_frame00113.png',)","[0.8297320008277893, 0.00364796444773674, 1.6445751190185547]","[0.9754562377929688, 0.004573270212858915, 1.4824374914169312]","[0.9989149570465088, -0.00226208521053195, -0.030971769243478775, -0.03470554202795029]","[0.9991082549095154, -0.0016582099488005042, -0.029194900766015053, -0.03045838326215744]",0.5322888,0.21800235
"('../data/deepslam_data/Cambridge/ShopFacade/train/rgb/seq2_frame00115.png',)","[2.448915481567383, -0.030334647744894028, 1.8540334701538086]","[2.411038637161255, -0.004645234905183315, 1.7544411420822144]","[0.9984754920005798, 0.0007036439492367208, 0.03920529782772064, -0.038847822695970535]","[0.9984567165374756, 0.00373306917026639, 0.043006569147109985, -0.03493797034025192]",0.7154549,0.109604895
"('../data/deepslam_data/Cambridge/ShopFacade/train/rgb/seq2_frame00117.png',)","[3.8200230598449707, 0.1073516458272934, 1.9183986186981201]","[3.853881597518921, 0.06814153492450714, 1.8228223323822021]","[0.9865313172340393, -0.005467813927680254, 0.1540839970111847, -0.05462804064154625]","[0.9874293804168701, -0.007184476591646671, 0.1493428349494934, -0.05126779526472092]",0.701089,0.108713664
"('../data/deepslam_data/Cambridge/ShopFacade/train/rgb/seq2_frame00119.png',)","[5.313380241394043, 0.16509874165058136, 1.9308459758758545]","[5.358518600463867, 0.1510235220193863, 1.7882455587387085]","[0.9740294814109802, -0.023938680067658424, 0.22144688665866852, -0.04067962244153023]","[0.972825288772583, -0.020699551329016685, 0.2261754274368286, -0.045024506747722626]",0.835557,0.1502347
"('../data/deepslam_data/Cambridge/ShopFacade/train/rgb/seq2_frame00121.png',)","[6.855827331542969, 0.16664116084575653, 1.976080060005188]","[6.885280132293701, 0.14548365771770477, 1.8159881830215454]","[0.9631693959236145, -0.02571966126561165, 0.26225900650024414, -0.053511835634708405]","[0.9639245271682739, -0.027013834565877914, 0.2597735822200775, -0.05135630816221237]",0.41116843,0.16414785
"('../data/deepslam_data/Cambridge/ShopFacade/train/rgb/seq2_frame00123.png',)","[8.442117691040039, 0.1112072765827179, 1.9092801809310913]","[8.43263053894043, 0.1268826127052307, 1.7590687274932861]","[0.955230712890625, -0.024876577779650688, 0.2874659597873688, -0.06541219353675842]","[0.9537417888641357, -0.02463209629058838, 0.290926456451416, -0.07163652777671814]",0.8336814,0.15132482
"('../data/deepslam_data/Cambridge/ShopFacade/train/rgb/seq2_frame00125.png',)","[10.27680492401123, 0.14965420961380005, 2.0154449939727783]","[10.090548515319824, 0.10192106664180756, 1.7895132303237915]","[0.9092496633529663, -0.029706228524446487, 0.4112356901168823, -0.05716494098305702]","[0.9086438417434692, -0.029385948553681374, 0.41089552640914917, -0.06832031160593033]",1.2814381,0.29667333
"('../data/deepslam_data/Cambridge/ShopFacade/train/rgb/seq2_frame00127.png',)","[11.522130966186523, 0.11625851690769196, 1.858473539352417]","[11.555651664733887, 0.06374195963144302, 1.723554015159607]","[0.8858687281608582, -0.02749541960656643, 0.45858797430992126, -0.06463563442230225]","[0.8804130554199219, -0.03003118559718132, 0.46858274936676025, -0.06634140014648438]",1.3504332,0.1486099
"('../data/deepslam_data/Cambridge/ShopFacade/train/rgb/seq2_frame00129.png',)","[13.12475299835205, 0.14528295397758484, 1.6532700061798096]","[13.054722785949707, 0.12678256630897522, 1.4806431531906128]","[0.862917423248291, -0.06647492945194244, 0.4977855980396271, -0.056251704692840576]","[0.8570788502693176, -0.06550158560276031, 0.5064337849617004, -0.06819334626197815]",1.8195643,0.18720718
"('../data/deepslam_data/Cambridge/ShopFacade/train/rgb/seq2_frame00131.png',)","[14.417009353637695, 0.184880793094635, 0.8751773238182068]","[14.314661026000977, 0.14976400136947632, 0.6930981278419495]","[0.8637203574180603, -0.062452636659145355, 0.49481040239334106, -0.07245378941297531]","[0.8561552166938782, -0.059480033814907074, 0.507573127746582, -0.07635370641946793]",1.7905113,0.21180464
"('../data/deepslam_data/Cambridge/ShopFacade/train/rgb/seq2_frame00133.png',)","[15.755558967590332, 0.18982364237308502, -0.15379475057125092]","[15.456002235412598, 0.17140573263168335, -0.3046632707118988]","[0.8398690223693848, -0.05810161679983139, 0.5354657173156738, -0.06723668426275253]","[0.8327491283416748, -0.05617794394493103, 0.545886754989624, -0.07335328310728073]",1.621683,0.33590886
"('../data/deepslam_data/Cambridge/ShopFacade/train/rgb/seq2_frame00135.png',)","[16.458518981933594, 0.12995752692222595, -1.2320369482040405]","[16.398616790771484, 0.11976072192192078, -1.331503987312317]","[0.8308475017547607, -0.05264170095324516, 0.5503880977630615, -0.06320110708475113]","[0.8254992961883545, -0.05302063748240471, 0.5572236180305481, -0.07239925116300583]",1.448855,0.11655874
"('../data/deepslam_data/Cambridge/ShopFacade/train/rgb/seq2_frame00137.png',)","[16.978412628173828, 0.03828937187790871, -2.19503116607666]","[16.870819091796875, 0.031567320227622986, -2.290856122970581]","[0.7997040748596191, -0.05271594598889351, 0.5971992611885071, -0.03236394003033638]","[0.7880065441131592, -0.04491168260574341, 0.6130326986312866, -0.03492186963558197]",2.4441063,0.14423583
"('../data/deepslam_data/Cambridge/ShopFacade/train/rgb/seq2_frame00139.png',)","[16.35074234008789, 0.05039668455719948, -2.9915571212768555]","[16.201404571533203, 0.008338932879269123, -3.0383853912353516]","[0.7138334512710571, -0.03348202258348465, 0.6991211771965027, -0.02345980331301689]","[0.7064260840415955, -0.029744016006588936, 0.7060553431510925, -0.039539363235235214]",2.2205968,0.1620602
"('../data/deepslam_data/Cambridge/ShopFacade/train/rgb/seq2_frame00141.png',)","[14.74731159210205, -0.005745407193899155, -2.596540927886963]","[14.79296588897705, -0.03422940522432327, -2.6751270294189453]","[0.7706708908081055, -0.021234797313809395, 0.6365790963172913, 0.01956171914935112]","[0.7656622529029846, -0.019865235313773155, 0.6428914070129395, 0.00756536889821291]",1.6636143,0.09524404
"('../data/deepslam_data/Cambridge/ShopFacade/train/rgb/seq2_frame00143.png',)","[13.659153938293457, 0.018501240760087967, -1.6554802656173706]","[13.52631664276123, 0.02681046910583973, -1.7712522745132446]","[0.8685429692268372, 0.03348052501678467, 0.49443599581718445, 0.006724933627992868]","[0.8649614453315735, 0.03795647621154785, 0.500400722026825, 0.0003557757299859077]",1.196142,0.1764028
"('../data/deepslam_data/Cambridge/ShopFacade/train/rgb/seq2_frame00145.png',)","[12.221219062805176, -0.03225181624293327, -0.5706695318222046]","[12.160614013671875, -0.03808021545410156, -0.6730888485908508]","[0.9172172546386719, 0.02867092564702034, 0.3968718349933624, -0.019578993320465088]","[0.9177999496459961, 0.031872522085905075, 0.39498698711395264, -0.02475396916270256]",0.7316805,0.11914973
"('../data/deepslam_data/Cambridge/ShopFacade/train/rgb/seq2_frame00147.png',)","[10.558297157287598, 0.04024836793541908, 0.3636569678783417]","[10.55724048614502, 0.010356024838984013, 0.2411338835954666]","[0.9546958208084106, 0.012293057516217232, 0.2972182035446167, -0.008134724572300911]","[0.9529303312301636, 0.014151737093925476, 0.3027122914791107, -0.009426306933164597]",0.7077556,0.12612127
"('../data/deepslam_data/Cambridge/ShopFacade/train/rgb/seq2_frame00149.png',)","[9.111677169799805, 0.06016789749264717, 1.1543365716934204]","[9.024755477905273, 0.06670510768890381, 1.0946552753448486]","[0.9736074209213257, 0.028414130210876465, 0.2264530062675476, -0.0005006797146052122]","[0.9733816981315613, 0.023027919232845306, 0.22803014516830444, -0.00026216544210910797]",0.64406717,0.10564077
"('../data/deepslam_data/Cambridge/ShopFacade/train/rgb/seq2_frame00151.png',)","[7.620711803436279, 0.07987502217292786, 2.0985310077667236]","[7.570493698120117, 0.08639749884605408, 2.0565826892852783]","[0.9816325902938843, 0.03351720795035362, 0.1869499683380127, 0.017991775646805763]","[0.9818572998046875, 0.03476138040423393, 0.18575657904148102, 0.015572409145534039]",0.34034836,0.0657576
"('../data/deepslam_data/Cambridge/ShopFacade/train/rgb/seq2_frame00153.png',)","[6.070092678070068, 0.09786151349544525, 2.979084014892578]","[6.056985855102539, 0.09563792496919632, 2.876234531402588]","[0.983881413936615, 0.030253108590841293, 0.1761648803949356, 0.005303066223859787]","[0.984038770198822, 0.030376514419913292, 0.17527471482753754, 0.004877690691500902]",0.11190581,0.10370511
"('../data/deepslam_data/Cambridge/ShopFacade/train/rgb/seq2_frame00155.png',)","[4.5977373123168945, 0.17190881073474884, 3.774968147277832]","[4.5834784507751465, 0.1485299915075302, 3.6394546031951904]","[0.9865435361862183, 0.026883477345108986, 0.1605357527732849, 0.015409673564136028]","[0.9872060418128967, 0.025697806850075722, 0.1568906307220459, 0.012214177288115025]",0.5774281,0.13825269
"('../data/deepslam_data/Cambridge/ShopFacade/train/rgb/seq2_frame00157.png',)","[3.1732332706451416, 0.2054450958967209, 4.3266682624816895]","[3.1907880306243896, 0.18389849364757538, 4.152282238006592]","[0.9994247555732727, 0.004783088807016611, 0.028640666976571083, 0.017522340640425682]","[0.9991546273231506, 0.006768324878066778, 0.03376232460141182, 0.022456802427768707]",0.846723,0.17658684
"('../data/deepslam_data/Cambridge/ShopFacade/train/rgb/seq2_frame00159.png',)","[1.722419023513794, 0.24807311594486237, 5.0609450340271]","[1.6798733472824097, 0.1966334879398346, 4.853823661804199]","[0.9987834095954895, 0.019893040880560875, 0.030672166496515274, 0.033094584941864014]","[0.9984839558601379, 0.024194888770580292, 0.027676496654748917, 0.040969204157590866]",1.0835274,0.21761303
"('../data/deepslam_data/Cambridge/ShopFacade/train/rgb/seq2_frame00161.png',)","[0.2829936146736145, 0.19364048540592194, 5.639341354370117]","[0.23671366274356842, 0.16894519329071045, 5.549078464508057]","[0.9980825185775757, 0.017983149737119675, 0.05667630210518837, 0.017193453386425972]","[0.998389720916748, 0.018269196152687073, 0.049694355577230453, 0.0203622505068779]",0.8802607,0.10439866
"('../data/deepslam_data/Cambridge/ShopFacade/train/rgb/seq2_frame00163.png',)","[-1.2669970989227295, 0.25586169958114624, 6.234568119049072]","[-1.2106753587722778, 0.22884535789489746, 6.053990364074707]","[0.9989890456199646, 0.009473544545471668, -0.005911180283874273, 0.043545860797166824]","[0.9991249442100525, 0.014059470035135746, -0.005961207672953606, 0.038938239216804504]",0.7433542,0.19107682
"('../data/deepslam_data/Cambridge/ShopFacade/train/rgb/seq2_frame00165.png',)","[-2.7473597526550293, 0.26211050152778625, 6.448246955871582]","[-2.767212390899658, 0.18736416101455688, 6.350384712219238]","[0.9985669851303101, 0.01554477121680975, -0.04855436086654663, 0.016275715082883835]","[0.9982948899269104, 0.01955249346792698, -0.053702086210250854, 0.011879898607730865]",0.90134794,0.12473236
"('../data/deepslam_data/Cambridge/ShopFacade/train/rgb/seq2_frame00167.png',)","[-4.356568336486816, 0.22603340446949005, 6.50309419631958]","[-4.296387195587158, 0.18901397287845612, 6.210691452026367]","[0.9844497442245483, 0.02630946785211563, -0.16989189386367798, 0.036102231591939926]","[0.9829007387161255, 0.023933153599500656, -0.18025603890419006, 0.029002323746681213]",1.4750885,0.30081818
"('../data/deepslam_data/Cambridge/ShopFacade/train/rgb/seq2_frame00169.png',)","[-5.550507545471191, 0.06743036210536957, 5.897141456604004]","[-5.4999189376831055, 0.042327914386987686, 5.63403844833374]","[0.9643274545669556, 0.026534872129559517, -0.2603529989719391, 0.03981054946780205]","[0.9622535705566406, 0.025803839787840843, -0.2685037851333618, 0.036166105419397354]",1.0527514,0.26909578
"('../data/deepslam_data/Cambridge/ShopFacade/train/rgb/seq2_frame00171.png',)","[-6.864001750946045, 0.043172869831323624, 4.873502731323242]","[-6.690583229064941, 0.06544371694326401, 4.618292331695557]","[0.9390828013420105, 0.05085267126560211, -0.33450794219970703, 0.06034892797470093]","[0.9397346377372742, 0.04960806295275688, -0.33363428711891174, 0.05591198801994324]",0.5410394,0.3093579
"('../data/deepslam_data/Cambridge/ShopFacade/train/rgb/seq2_frame00173.png',)","[-7.9185285568237305, -0.08501400053501129, 3.7805047035217285]","[-7.801506042480469, -0.1045742854475975, 3.594717264175415]","[0.9222041368484497, 0.05616409331560135, -0.37643492221832275, 0.06842456012964249]","[0.9218855500221252, 0.04953420162200928, -0.37918731570243835, 0.0623738057911396]",1.0755522,0.22044012
"('../data/deepslam_data/Cambridge/ShopFacade/train/rgb/seq2_frame00175.png',)","[-9.232612609863281, -0.0563470833003521, 2.7057502269744873]","[-9.043875694274902, -0.05376594141125679, 2.501401901245117]","[0.9237753748893738, 0.060381218791007996, -0.37363508343696594, 0.05822330713272095]","[0.9229722023010254, 0.05903003364801407, -0.37733539938926697, 0.04749580845236778]",1.3128154,0.27818432
"('../data/deepslam_data/Cambridge/ShopFacade/train/rgb/seq2_frame00177.png',)","[-10.511521339416504, -0.10755850374698639, 1.6960248947143555]","[-10.325616836547852, -0.07373003661632538, 1.5810556411743164]","[0.8958088159561157, 0.07653278112411499, -0.43647074699401855, 0.03409555181860924]","[0.8967832326889038, 0.06705329567193985, -0.43671563267707825, 0.02373018115758896]",1.6139419,0.22118494
"('../data/deepslam_data/Cambridge/ShopFacade/train/rgb/seq2_frame00179.png',)","[-11.688493728637695, -0.15314535796642303, 0.9033330678939819]","[-11.67975902557373, -0.10195492208003998, 0.7576904296875]","[0.9014091491699219, 0.05265546217560768, -0.4275394678115845, 0.04357823356986046]","[0.9037240147590637, 0.04753728210926056, -0.4242272973060608, 0.03247205913066864]",1.4750885,0.15462385
"('../data/deepslam_data/Cambridge/ShopFacade/train/rgb/seq2_frame00181.png',)","[-13.386322975158691, -0.1351204663515091, 0.34058621525764465]","[-13.329980850219727, -0.1151503175497055, 0.1994227170944214]","[0.9304364919662476, 0.06517674028873444, -0.35681235790252686, 0.05220039561390877]","[0.930350124835968, 0.05854674056172371, -0.359544038772583, 0.041822466999292374]",1.4450687,0.15329832
"('../data/deepslam_data/Cambridge/ShopFacade/train/rgb/seq2_frame00183.png',)","[-15.09200668334961, -0.16434051096439362, -0.183584526181221]","[-14.879926681518555, -0.15319040417671204, -0.30763351917266846]","[0.9175500273704529, 0.07444877922534943, -0.38915330171585083, 0.033452969044446945]","[0.9183961749076843, 0.0651857927441597, -0.38951560854911804, 0.024017129093408585]",1.5190064,0.24594797
"('../data/deepslam_data/Cambridge/ShopFacade/train/rgb/seq2_frame00185.png',)","[-16.709455490112305, -0.0914991945028305, -0.38925912976264954]","[-16.373075485229492, -0.13785383105278015, -0.4927220344543457]","[0.9390937089920044, 0.07682034373283386, -0.33431172370910645, 0.02091292291879654]","[0.94160395860672, 0.06934451311826706, -0.32940584421157837, 0.00807028729468584]",1.8161198,0.3549716
"('../data/deepslam_data/Cambridge/ShopFacade/train/rgb/seq2_frame00187.png',)","[-18.03472328186035, 0.10947971045970917, -0.1950090229511261]","[-17.68729591369629, 0.11808308959007263, -0.3477373719215393]","[0.858128011226654, 0.014973742887377739, -0.5131100416183472, 0.010501591488718987]","[0.8588245511054993, 0.005506888031959534, -0.5121009349822998, 0.011945182457566261]",1.1064013,0.37961262
"('../data/deepslam_data/Cambridge/ShopFacade/train/rgb/seq2_frame00189.png',)","[-19.189899444580078, -0.03123418614268303, 0.12663935124874115]","[-18.732868194580078, 0.030738379806280136, -0.0697518065571785]","[0.8030598163604736, 0.008979297243058681, -0.5954092144966125, 0.022407418116927147]","[0.8079057931900024, 0.00019399190205149353, -0.5891201496124268, 0.015023835934698582]",1.5993268,0.501286
"('../data/deepslam_data/Cambridge/ShopFacade/train/rgb/seq2_frame00191.png',)","[-19.797517776489258, -0.14588139951229095, 0.5267298817634583]","[-19.742692947387695, -0.12291699647903442, 0.41517776250839233]","[0.8269713521003723, -0.017057884484529495, -0.5618771910667419, 0.011018245480954647]","[0.8277904987335205, -0.02206725813448429, -0.5605921149253845, 0.0035353845451027155]",1.0460387,0.12640016
"('../data/deepslam_data/Cambridge/ShopFacade/train/rgb/seq2_frame00193.png',)","[-20.54878044128418, -0.04104934260249138, -0.036850374191999435]","[-20.302627563476562, -0.10107292979955673, -0.2403789758682251]","[0.8337129950523376, -0.03516899794340134, -0.5507169365882874, -0.019917819648981094]","[0.8406904935836792, -0.04826637730002403, -0.5380034446716309, -0.03823842108249664]",3.0693521,0.32498917
"('../data/deepslam_data/Cambridge/ShopFacade/train/rgb/seq2_frame00195.png',)","[-20.133119583129883, -0.07699017226696014, -1.4008255004882812]","[-20.08631706237793, -0.08335377275943756, -1.4500446319580078]","[0.8226733207702637, -0.008953901007771492, -0.5677435398101807, -0.028209436684846878]","[0.8310418725013733, -0.021827170625329018, -0.5544888377189636, -0.03788253292441368]",2.575104,0.068216525
"('../data/deepslam_data/Cambridge/ShopFacade/train/rgb/seq2_frame00197.png',)","[-19.36332893371582, -0.09265975654125214, -2.1450698375701904]","[-19.108905792236328, -0.07178577035665512, -2.2654457092285156]","[0.7992241978645325, 0.0007785094203427434, -0.6010048389434814, -0.005775283556431532]","[0.80609530210495, -0.010153116658329964, -0.5914832353591919, -0.015968777239322662]",2.1775284,0.2822361
"('../data/deepslam_data/Cambridge/ShopFacade/train/rgb/seq2_frame00199.png',)","[-17.732452392578125, -0.105526402592659, -2.4599101543426514]","[-17.558368682861328, -0.08700477331876755, -2.529981851577759]","[0.8108192682266235, 0.011557109653949738, -0.5851730704307556, 0.0033135954290628433]","[0.8166530728340149, 0.006465908605605364, -0.5770204067230225, -0.00913842860609293]",1.9220681,0.1885689
"('../data/deepslam_data/Cambridge/ShopFacade/train/rgb/seq2_frame00201.png',)","[-16.171369552612305, -0.09635491669178009, -2.1767303943634033]","[-15.957536697387695, -0.0828656479716301, -2.245004415512085]","[0.8373784422874451, -0.0034255702048540115, -0.5464760661125183, -0.012225179001688957]","[0.8398982286453247, -0.00827168207615614, -0.5422616004943848, -0.02132999338209629]",1.3086355,0.22487283
"('../data/deepslam_data/Cambridge/ShopFacade/train/rgb/seq2_frame00203.png',)","[-14.74189567565918, -0.07910080254077911, -1.717162013053894]","[-14.326044082641602, -0.048081979155540466, -1.8008798360824585]","[0.8427030444145203, -0.01587865501642227, -0.5380934476852417, -0.00741218077018857]","[0.8446452021598816, -0.022921856492757797, -0.5345044732093811, -0.018819307908415794]",1.6051888,0.4253274
"('../data/deepslam_data/Cambridge/ShopFacade/train/rgb/seq2_frame00205.png',)","[-13.053264617919922, -0.05145324394106865, -1.3104305267333984]","[-12.678057670593262, -0.0543082058429718, -1.4202123880386353]","[0.8750498294830322, -0.00741290720179677, -0.48392975330352783, -0.006699428893625736]","[0.8794337511062622, -0.017284037545323372, -0.4755869209766388, -0.010710978880524635]",1.6293871,0.39094818
"('../data/deepslam_data/Cambridge/ShopFacade/train/rgb/seq2_frame00207.png',)","[-11.292496681213379, -0.020605068653821945, -0.9488187432289124]","[-11.046436309814453, -0.0505833625793457, -0.9875041842460632]","[0.9026859402656555, -0.008232472464442253, -0.43005692958831787, -0.01189095713198185]","[0.9045325517654419, -0.00985699612647295, -0.4261353313922882, -0.011505000293254852]",0.5322888,0.25088036
"('../data/deepslam_data/Cambridge/ShopFacade/train/rgb/seq2_frame00209.png',)","[-9.629450798034668, -0.0491381399333477, -0.40911608934402466]","[-9.435526847839355, -0.02164565585553646, -0.47387439012527466]","[0.9231340289115906, -0.001801931532099843, -0.38401681184768677, -0.01875033974647522]","[0.9222964644432068, -0.0011669360101222992, -0.3860284686088562, -0.018707014620304108]",0.2564085,0.20629099
"('../data/deepslam_data/Cambridge/ShopFacade/train/rgb/seq2_frame00211.png',)","[-8.00556755065918, 0.011986512690782547, 0.3424331843852997]","[-7.849902629852295, -0.015386585146188736, 0.24487677216529846]","[0.9379121661186218, -0.0005302083445712924, -0.3463449776172638, -0.019119583070278168]","[0.9349477887153625, -0.002310308627784252, -0.3540687561035156, -0.022419271990656853]",1.0415395,0.18573666
"('../data/deepslam_data/Cambridge/ShopFacade/train/rgb/seq2_frame00213.png',)","[-6.428999423980713, 0.026328634470701218, 1.1958271265029907]","[-6.204415798187256, -0.00021947706409264356, 1.1130253076553345]","[0.9541475176811218, 0.002949677873402834, -0.2987194061279297, -0.01898813061416149]","[0.9530496597290039, 0.0017477585934102535, -0.30144962668418884, -0.028659936040639877]",1.1669954,0.24082929
"('../data/deepslam_data/Cambridge/ShopFacade/train/rgb/seq2_frame00215.png',)","[-4.647880554199219, 0.03299732133746147, 2.0197579860687256]","[-4.622562408447266, -0.028330115601420403, 1.9055113792419434]","[0.9751142263412476, -0.0075972978956997395, -0.21954286098480225, -0.02992558293044567]","[0.9749531149864197, -0.002909477800130844, -0.2191353589296341, -0.037916794419288635]",1.0623726,0.13211492
"('../data/deepslam_data/Cambridge/ShopFacade/train/rgb/seq2_frame00217.png',)","[-3.238020420074463, 0.0675124078989029, 2.959584951400757]","[-3.0895133018493652, 0.04973879083991051, 2.8312652111053467]","[0.976601779460907, 0.005612026434391737, -0.21139711141586304, -0.03909855708479881]","[0.9775165915489197, 0.0024657684843987226, -0.2061903178691864, -0.0440542958676815]",0.90567935,0.19706908
"('../data/deepslam_data/Cambridge/ShopFacade/train/rgb/seq2_frame00219.png',)","[-1.639125943183899, 0.1398538053035736, 4.064193248748779]","[-1.5144459009170532, 0.16595931351184845, 3.9081578254699707]","[0.9727404117584229, 0.0003670772130135447, -0.2307262420654297, -0.02326633408665657]","[0.9716943502426147, -0.0012950790114700794, -0.23388449847698212, -0.033263735473155975]",1.222676,0.20142905
"('../data/deepslam_data/Cambridge/ShopFacade/train/rgb/seq2_frame00221.png',)","[-0.20671772956848145, 0.22882826626300812, 5.11879301071167]","[-0.13642098009586334, 0.18792392313480377, 4.970128536224365]","[0.9965695738792419, 0.006296627223491669, -0.07453373074531555, -0.03541578724980354]","[0.9962067008018494, -0.0010155319469049573, -0.07587016373872757, -0.042603109031915665]",1.1843052,0.16945773
"('../data/deepslam_data/Cambridge/ShopFacade/train/rgb/seq2_frame00223.png',)","[1.3278660774230957, 0.22767461836338043, 6.067940711975098]","[1.2850450277328491, 0.2449943572282791, 5.890908718109131]","[0.9964734315872192, 0.0027033959049731493, -0.0491509772837162, -0.06795260310173035]","[0.9964051246643066, 0.004630087874829769, -0.050266992300748825, -0.06803432106971741]",0.25333762,0.18295886
"('../data/deepslam_data/Cambridge/ShopFacade/train/rgb/seq2_frame00225.png',)","[2.5709054470062256, 0.3231010437011719, 6.9095282554626465]","[2.595120429992676, 0.29757094383239746, 6.630250930786133]","[0.99736088514328, 0.01699659787118435, 0.043672967702150345, -0.05545388534665108]","[0.9975489377975464, 0.02086874283850193, 0.04153771698474884, -0.05230018123984337]",0.62054855,0.2814853
"('../data/deepslam_data/Cambridge/ShopFacade/train/rgb/seq2_frame00227.png',)","[3.9707202911376953, 0.4134003818035126, 7.711025714874268]","[3.948646306991577, 0.3857126235961914, 7.468163967132568]","[0.9947145581245422, -0.00718713877722621, 0.07171212881803513, -0.0731351375579834]","[0.9947217106819153, -0.006507476791739464, 0.0655333548784256, -0.0786883533000946]",0.95366746,0.24542962
"('../data/deepslam_data/Cambridge/ShopFacade/train/rgb/seq2_frame00229.png',)","[4.657555103302002, 0.4618138372898102, 8.668664932250977]","[4.658823013305664, 0.4289565086364746, 8.4424409866333]","[0.9888393878936768, -0.04298160970211029, 0.14184604585170746, -0.015130460262298584]","[0.9887918829917908, -0.0449649840593338, 0.1420590877532959, -0.009381210431456566]",0.69660914,0.22860114
"('../data/deepslam_data/Cambridge/ShopFacade/train/rgb/seq2_frame00231.png',)","[5.773351669311523, 0.6267355680465698, 9.686478614807129]","[5.6457085609436035, 0.4884714186191559, 9.320051193237305]","[0.9885121583938599, -0.0009121902985498309, 0.15108565986156464, 0.004025615751743317]","[0.9895376563072205, 0.007112225983291864, 0.14394280314445496, 0.006720550823956728]",1.2734731,0.41192085
